engine,market,period,n,ll_model,ll_pinnacle,auc_model
p1b_ens,but,val,13728,0.556689738931933,0.5567982790478728,0.6068555524045703
p1b_ens,but,ctl,6887,0.5579015574437362,0.5595009800055456,0.5946337506309631
p1b_ens,ast,val,15144,0.6276762526854567,0.6294175419857246,0.6158799622781208
p1b_ens,ast,ctl,8062,0.623034254781234,0.6228058102709679,0.6119102197820055
p1b_lgbm,but,val,13728,0.5571147820219834,0.5567982790478728,0.6058207885798592
p1b_lgbm,but,ctl,6887,0.5584735244682414,0.5595009800055456,0.5923959127355317
p1b_lgbm,ast,val,15144,0.627770824838131,0.6294175419857246,0.6157190336744922
p1b_lgbm,ast,ctl,8062,0.6230236560082304,0.6228058102709679,0.6128336773315837
p1b_ens_monthly,but,val,13728,0.5566457399107727,0.5567982790478728,0.6068915462433588
p1b_ens_monthly,but,ctl,6887,0.558540746487411,0.5595009800055456,0.592117500973359
p1b_ens_monthly,ast,val,15144,0.6279300183426576,0.6294175419857247,0.615595799368881
p1b_ens_monthly,ast,ctl,8062,0.6228742069598261,0.6228058102709678,0.6126866755877892
x_feat_lgbm,but,val,13728,0.557043872972748,0.5567982790478728,0.6061887147937955
x_feat_lgbm,but,ctl,6887,0.5586882229653884,0.5595009800055456,0.59169685892487
x_feat_lgbm,ast,val,15144,0.6285773812134798,0.6294175419857246,0.6139592194430255
x_feat_lgbm,ast,ctl,8062,0.6234219064521289,0.6228058102709679,0.6111317413309595
x_tuned_lgbm,but,val,13728,0.5571175169405921,0.5567982790478728,0.6070042371041272
x_tuned_lgbm,but,ctl,6887,0.5591486794746332,0.5595009800055456,0.589969229867672
x_tuned_lgbm,ast,val,15144,0.6280390176477932,0.6294175419857246,0.6150316203062555
x_tuned_lgbm,ast,ctl,8062,0.623099599083577,0.6228058102709679,0.6119550265168794
q_p2_refit,but,val,13728,0.5570668598621317,0.5567982790478728,0.605658628765048
q_p2_refit,but,ctl,6887,0.5577322719267043,0.5595009800055456,0.5934819239345992
q_p2_refit,ast,val,15144,0.6278322056650197,0.6294175419857246,0.6151684057886184
q_p2_refit,ast,ctl,8062,0.6230548631747223,0.6228058102709679,0.6123772451448115
avg_ens_v2,but,val,13728,0.5565560111088169,0.5567982790478728,0.606939973307047
avg_ens_v2,but,ctl,6887,0.558119822218031,0.5595009800055456,0.5938697137281139
avg_ens_v2,ast,val,15144,0.6278231246711629,0.6294175419857246,0.6155515641141702
avg_ens_v2,ast,ctl,8062,0.6230610279958319,0.6228058102709679,0.6119486157598621
